City_ID,City,Country,Date,Lat,Lng,Max Temp,Humidity,Cloudiness,Wind Speed
0,San Patricio,US,2021-09-18 16:04:58,28.017,-97.5169,90.01,52,0,4.54
1,Hobart,AU,2021-09-18 16:00:17,-42.8794,147.3294,46.26,74,90,4.0
2,San Benito,US,2021-09-18 16:04:58,36.6166,-121.0844,49.8,55,12,3.74
3,Butaritari,KI,2021-09-18 16:04:59,3.0707,172.7902,82.33,71,2,16.4
4,Castro,BR,2021-09-18 16:04:59,-24.7911,-50.0119,82.53,43,23,8.16
5,Plettenberg Bay,ZA,2021-09-18 16:05:00,-34.0527,23.3716,60.94,71,100,21.59
6,Ushuaia,AR,2021-09-18 16:01:07,-54.8,-68.3,43.36,62,11,3.51
7,Sao Joao Da Barra,BR,2021-09-18 16:05:00,-21.6403,-41.0511,84.29,66,12,15.68
8,Kavieng,PG,2021-09-18 16:05:00,-2.5744,150.7967,82.67,78,19,13.78
9,Bambous Virieux,MU,2021-09-18 16:05:01,-20.3428,57.7575,71.85,68,40,3.44
10,Busselton,AU,2021-09-18 16:04:06,-33.65,115.3333,55.09,85,97,4.81
11,Hilo,US,2021-09-18 16:00:11,19.7297,-155.09,72.28,87,90,5.75
12,Cabo San Lucas,MX,2021-09-18 16:05:03,22.8909,-109.9124,87.8,77,75,3.44
13,Mar Del Plata,AR,2021-09-18 16:05:04,-38.0023,-57.5575,62.62,59,0,8.05
14,Ahipara,NZ,2021-09-18 16:05:04,-35.1667,173.1667,49.05,77,27,2.24
15,Port Alfred,ZA,2021-09-18 16:05:05,-33.5906,26.891,61.45,65,9,26.93
16,Mataura,NZ,2021-09-18 16:05:05,-46.1927,168.8643,38.48,99,72,3.53
17,Nikolskoye,RU,2021-09-18 16:05:06,59.7035,30.7861,49.01,67,95,7.56
18,Saldanha,ZA,2021-09-18 16:05:07,-33.0117,17.9442,59.67,82,22,11.83
19,Bathsheba,BB,2021-09-18 16:05:07,13.2167,-59.5167,88.41,62,20,14.97
20,Bandarbeyla,SO,2021-09-18 16:05:08,9.4942,50.8122,78.21,84,36,8.86
21,Port Augusta,AU,2021-09-18 16:05:08,-32.5,137.7667,46.54,76,1,1.21
22,Atuona,PF,2021-09-18 16:05:08,-9.8,-139.0333,77.31,78,34,18.52
23,Bluff,NZ,2021-09-18 16:05:09,-46.6,168.3333,38.8,89,39,11.74
24,Khatanga,RU,2021-09-18 16:05:09,71.9667,102.5,27.57,75,17,11.56
25,Shenyang,CN,2021-09-18 16:05:10,41.7922,123.4328,64.42,88,0,6.71
26,Lorengau,PG,2021-09-18 16:05:10,-2.0226,147.2712,81.12,81,89,8.08
27,Sorland,NO,2021-09-18 16:05:10,67.667,12.6934,51.58,76,100,20.31
28,Shelburne,CA,2021-09-18 16:05:11,44.0787,-80.2041,70.74,39,53,10.74
29,Vanavara,RU,2021-09-18 16:05:11,60.34,102.2797,45.72,74,100,6.15
30,Kodiak,US,2021-09-18 16:05:12,57.79,-152.4072,49.51,53,1,11.5
31,Gresham,US,2021-09-18 16:04:33,45.4982,-122.4315,58.53,95,90,1.99
32,Qaanaaq,GL,2021-09-18 16:05:12,77.484,-69.3632,16.03,70,100,5.75
33,Minot,US,2021-09-18 16:05:12,48.2325,-101.2963,66.79,45,1,13.8
34,Morehead,US,2021-09-18 16:05:12,37.2711,-87.1764,78.94,85,40,5.75
35,Sisimiut,GL,2021-09-18 16:05:13,66.9395,-53.6735,36.54,40,63,6.58
36,Banda Aceh,ID,2021-09-18 16:05:13,5.5577,95.3222,79.29,81,68,0.98
37,Bilma,NE,2021-09-18 16:05:14,18.6853,12.9164,101.53,10,25,5.48
38,Hithadhoo,MV,2021-09-18 16:05:14,-0.6,73.0833,83.25,72,71,1.41
39,Hamilton,US,2021-09-18 16:00:43,39.1834,-84.5333,87.75,64,19,1.01
40,Cidreira,BR,2021-09-18 16:05:14,-30.1811,-50.2056,69.39,82,32,5.26
41,East London,ZA,2021-09-18 16:05:15,-33.0153,27.9116,62.2,59,3,20.89
42,Carnarvon,AU,2021-09-18 16:05:16,-24.8667,113.6333,62.67,67,0,18.41
43,Mattru,SL,2021-09-18 16:05:16,7.6244,-11.8332,81.48,85,77,4.32
44,Vaini,TO,2021-09-18 16:05:16,-21.2,-175.2,73.56,100,75,4.61
45,Albany,US,2021-09-18 16:00:23,42.6001,-73.9662,79.81,79,32,6.49
46,Hurricane,US,2021-09-18 16:05:17,37.1753,-113.2899,82.6,36,38,3.02
47,Arraial Do Cabo,BR,2021-09-18 16:05:17,-22.9661,-42.0278,76.86,78,20,13.8
48,Bredasdorp,ZA,2021-09-18 16:05:18,-34.5322,20.0403,64.27,71,56,16.17
49,Avarua,CK,2021-09-18 16:03:41,-21.2078,-159.775,71.65,83,20,3.44
50,Saskylakh,RU,2021-09-18 16:05:18,71.9167,114.0833,24.73,97,88,3.29
51,Samarai,PG,2021-09-18 16:05:18,-10.6167,150.6667,78.15,86,98,21.39
52,Jamestown,US,2021-09-18 16:04:00,42.097,-79.2353,77.29,78,40,8.05
53,Tirat Karmel,IL,2021-09-18 16:05:19,32.7617,34.9719,83.23,57,20,11.5
54,Yellowknife,CA,2021-09-18 16:05:20,62.456,-114.3525,42.98,72,100,15.37
55,Nouadhibou,MR,2021-09-18 16:05:20,20.931,-17.0347,77.32,83,91,4.36
56,Rikitea,PF,2021-09-18 16:05:20,-23.1203,-134.9692,71.53,80,100,12.66
57,Longyearbyen,SJ,2021-09-18 16:05:21,78.2186,15.6401,46.24,76,75,26.46
58,Voh,NC,2021-09-18 16:05:21,-20.9667,164.7,61.5,79,5,4.83
59,Kapaa,US,2021-09-18 16:05:22,22.0752,-159.319,75.52,81,90,1.01
60,Nelson Bay,AU,2021-09-18 16:05:22,-32.7167,152.15,58.68,87,49,9.26
61,Chokurdakh,RU,2021-09-18 16:05:22,70.6333,147.9167,24.82,86,14,6.53
62,Rocha,UY,2021-09-18 16:01:26,-34.4833,-54.3333,70.57,58,1,4.59
63,Punta Arenas,CL,2021-09-18 16:05:23,-53.15,-70.9167,42.91,75,40,10.36
64,Tiksi,RU,2021-09-18 16:05:23,71.6872,128.8694,34.56,76,100,16.2
65,Port Elizabeth,ZA,2021-09-18 16:05:24,-33.918,25.5701,62.1,69,70,25.77
66,Puerto Ayora,EC,2021-09-18 16:05:24,-0.7393,-90.3518,78.76,94,95,7.0
67,Omboue,GA,2021-09-18 16:05:25,-1.5746,9.2618,77.4,77,100,10.38
68,Gavle,SE,2021-09-18 16:05:26,60.6745,17.1417,49.95,64,98,6.11
69,Namibe,AO,2021-09-18 16:05:26,-15.1961,12.1522,66.27,72,14,13.73
70,Ponta Delgada,PT,2021-09-18 16:05:26,37.7333,-25.6667,72.32,56,75,9.22
71,Kahului,US,2021-09-18 16:05:27,20.8947,-156.47,75.22,80,40,13.8
72,Pemberton,CA,2021-09-18 16:00:43,50.3164,-122.8027,47.91,100,99,4.94
73,Prainha,BR,2021-09-18 16:05:28,-1.8,-53.48,95.11,39,48,5.44
74,Thompson,CA,2021-09-18 16:03:27,55.7435,-97.8558,54.84,61,100,11.32
75,Ponta Do Sol,PT,2021-09-18 16:05:28,32.6667,-17.1,77.13,67,74,7.07
76,Yakeshi,CN,2021-09-18 16:05:29,49.2833,120.7333,49.51,87,100,2.71
77,Ribeira Grande,PT,2021-09-18 16:05:30,38.5167,-28.7,75.6,46,20,14.97
78,Dingle,PH,2021-09-18 16:05:30,10.9995,122.6711,75.9,91,42,1.95
79,Alofi,NU,2021-09-18 16:05:31,-19.0595,-169.9187,77.38,83,12,14.27
80,Pevek,RU,2021-09-18 16:05:31,69.7008,170.3133,29.8,71,99,11.27
81,Hasaki,JP,2021-09-18 16:05:32,35.7333,140.8333,75.6,92,85,14.03
82,Northam,GB,2021-09-18 16:05:32,51.0333,-4.2167,69.21,96,100,3.22
83,Bethel,US,2021-09-18 16:05:33,41.3712,-73.414,80.6,76,1,1.99
84,Bubaque,GW,2021-09-18 16:05:34,11.2833,-15.8333,81.77,76,52,8.57
85,Stokmarknes,NO,2021-09-18 16:05:34,68.5646,14.9108,55.49,67,100,9.53
86,Akcaabat,TR,2021-09-18 16:05:34,41.0212,39.5715,71.47,78,0,6.91
87,Lavrentiya,RU,2021-09-18 16:05:35,65.5833,-171.0,38.64,79,100,7.52
88,Lagoa,PT,2021-09-18 16:05:35,39.05,-27.9833,66.7,65,100,9.53
89,Manadhoo,MV,2021-09-18 16:05:36,5.7667,73.3833,82.62,78,95,10.31
90,Tecoanapa,MX,2021-09-18 16:05:36,16.5167,-98.75,77.58,86,100,3.56
91,Atikokan,CA,2021-09-18 16:05:37,48.7555,-91.6216,61.23,42,88,9.46
92,Dubovskoye,RU,2021-09-18 16:05:37,47.4092,42.7575,65.71,42,64,8.77
93,Sarab,IR,2021-09-18 16:05:38,38.6066,44.9883,72.52,31,12,3.76
94,Sitka,US,2021-09-18 16:03:16,57.0531,-135.33,49.89,87,90,0.0
95,Barcelos,PT,2021-09-18 16:05:38,41.5388,-8.6151,72.91,52,0,14.61
96,Talas,TR,2021-09-18 16:05:39,38.6908,35.5538,66.87,45,0,4.61
97,Maitum,PH,2021-09-18 16:05:39,6.0392,124.4986,76.96,83,57,3.65
98,Kaitangata,NZ,2021-09-18 16:05:40,-46.2817,169.8464,37.45,93,34,4.03
99,Helong,CN,2021-09-18 16:05:40,42.5397,128.9972,57.16,71,100,3.53
100,Port Hardy,CA,2021-09-18 16:05:41,50.6996,-127.4199,50.18,100,90,0.0
101,Barrow,US,2021-09-18 16:05:41,71.2906,-156.7887,30.22,93,90,11.5
102,Cherskiy,RU,2021-09-18 16:05:41,68.75,161.3,29.26,80,100,12.06
103,Sabha,LY,2021-09-18 16:05:42,27.0377,14.4283,93.51,12,0,10.83
104,Bogorodskoye,RU,2021-09-18 16:05:42,56.55,37.8833,40.51,73,94,6.58
105,Mecca,SA,2021-09-18 16:05:43,21.4267,39.8261,92.48,26,45,12.41
106,Westport,US,2021-09-18 16:05:12,41.1415,-73.3579,82.76,72,40,1.01
107,Campos Sales,BR,2021-09-18 16:05:43,-7.0744,-40.3761,90.59,29,1,10.07
108,Luis Correia,BR,2021-09-18 16:05:44,-2.8792,-41.6669,89.6,58,20,17.27
109,Isangel,VU,2021-09-18 16:05:44,-19.55,169.2667,69.53,77,31,14.54
110,Mahebourg,MU,2021-09-18 16:05:45,-20.4081,57.7,71.89,68,40,3.44
111,Valparaiso,CL,2021-09-18 16:05:45,-33.0393,-71.6273,61.03,70,0,5.75
112,Morondava,MG,2021-09-18 16:05:45,-20.2833,44.2833,75.96,66,92,27.63
113,Cape Town,ZA,2021-09-18 16:05:45,-33.9258,18.4232,70.88,52,16,5.21
114,Lebu,CL,2021-09-18 16:01:32,-37.6167,-73.65,53.47,60,97,8.12
115,Salalah,OM,2021-09-18 16:05:46,17.0151,54.0924,80.69,94,75,6.91
116,Gander,CA,2021-09-18 16:05:47,48.9682,-54.5906,68.13,73,75,18.41
117,Tasiilaq,GL,2021-09-18 16:05:47,65.6145,-37.6368,39.36,67,25,2.75
118,Inuvik,CA,2021-09-18 16:05:47,68.3499,-133.7218,41.76,100,90,4.61
119,Severo-Kurilsk,RU,2021-09-18 16:05:47,50.6789,156.125,48.52,87,16,8.23
120,Hermanus,ZA,2021-09-18 16:05:48,-34.4187,19.2345,64.8,60,46,12.17
121,Faanui,PF,2021-09-18 16:05:48,-16.4833,-151.75,77.65,76,14,21.81
122,Margate,GB,2021-09-18 16:05:48,51.3813,1.3862,73.11,74,65,8.7
123,Camana,PE,2021-09-18 16:05:49,-16.6228,-72.7111,64.44,74,66,9.01
124,Asmara,ER,2021-09-18 16:05:49,15.3333,38.9333,65.55,54,96,5.75
125,Rovnoye,RU,2021-09-18 16:05:49,50.7765,46.0509,54.39,40,94,8.34
126,Narsaq,GL,2021-09-18 16:05:50,60.9167,-46.05,41.22,88,97,4.43
127,Georgetown,MY,2021-09-18 16:05:50,5.4112,100.3354,78.89,90,40,0.0
128,Inhambane,MZ,2021-09-18 16:05:50,-23.865,35.3833,67.53,55,81,11.88
129,Chabahar,IR,2021-09-18 16:05:51,25.2919,60.643,82.27,84,4,7.85
130,Sao Filipe,CV,2021-09-18 16:05:51,14.8961,-24.4956,78.69,82,68,7.23
131,Beyneu,KZ,2021-09-18 16:05:51,45.3167,55.2,64.02,28,26,7.81
132,Green River,US,2021-09-18 16:05:52,41.5286,-109.4662,65.16,19,69,5.14
133,Dikson,RU,2021-09-18 16:05:52,73.5069,80.5464,35.17,71,8,24.25
134,Kashi,CN,2021-09-18 16:05:52,39.4547,75.9797,80.22,21,0,5.3
135,Antalaha,MG,2021-09-18 16:05:53,-14.9003,50.2788,70.95,83,11,2.95
136,Fort Frances,CA,2021-09-18 16:05:53,48.5999,-93.4003,62.82,52,1,8.05
137,Orativ,UA,2021-09-18 16:05:53,49.1889,29.527,63.37,70,98,6.51
138,Ancud,CL,2021-09-18 16:05:54,-41.8697,-73.8203,51.42,70,94,4.9
139,Saint-Philippe,RE,2021-09-18 16:05:54,-21.3585,55.7679,73.22,74,50,9.4
140,Berbera,SO,2021-09-18 16:05:55,10.4396,45.0143,92.12,54,0,0.98
141,Shalya,RU,2021-09-18 16:05:55,57.2471,58.7298,34.03,97,83,10.45
142,Pangnirtung,CA,2021-09-18 16:05:55,66.1451,-65.7125,35.37,61,71,3.42
143,Torbay,CA,2021-09-18 16:03:23,47.6666,-52.7314,69.89,68,20,20.71
144,Hay River,CA,2021-09-18 16:05:56,60.8156,-115.7999,46.33,79,98,9.55
145,Forrest City,US,2021-09-18 16:05:56,35.0081,-90.7898,76.86,92,100,7.38
146,Lompoc,US,2021-09-18 16:05:57,34.6391,-120.4579,62.56,80,90,3.44
147,Ushibuka,JP,2021-09-18 16:05:57,32.1906,130.0228,73.31,77,1,9.51
148,Hambantota,LK,2021-09-18 16:05:57,6.1241,81.1185,82.74,89,0,4.61
149,Adre,TD,2021-09-18 16:05:58,13.4667,22.2,81.73,58,53,4.23
150,Faya,SA,2021-09-18 16:05:58,18.3851,42.4509,77.52,33,37,4.63
151,Annau,TM,2021-09-18 16:05:59,37.8876,58.516,83.5,34,1,5.93
152,Esperance,AU,2021-09-18 16:05:59,-33.8667,121.9,57.04,80,90,12.24
153,Vestmannaeyjar,IS,2021-09-18 16:05:59,63.4427,-20.2734,54.59,87,20,19.57
154,Namtsy,RU,2021-09-18 16:06:00,62.7161,129.6658,41.11,84,100,17.4
155,Maniitsoq,GL,2021-09-18 16:06:01,65.4167,-52.9,37.15,50,80,2.71
156,Abu Dhabi,AE,2021-09-18 16:06:01,24.4667,54.3667,93.31,66,0,8.05
157,Klaksvik,FO,2021-09-18 16:06:01,62.2266,-6.589,54.52,86,100,18.12
158,Bengkulu,ID,2021-09-18 16:06:02,-3.8004,102.2655,76.15,90,68,8.34
159,Kajaani,FI,2021-09-18 16:06:03,64.2273,27.7285,44.65,70,0,4.61
160,Palm Coast,US,2021-09-18 16:04:19,29.585,-81.2078,88.09,66,72,3.0
161,Cap Malheureux,MU,2021-09-18 16:06:03,-19.9842,57.6142,72.09,83,16,12.88
162,Mehamn,NO,2021-09-18 16:06:04,71.0357,27.8492,46.0,70,0,10.2
163,Vila,PT,2021-09-18 16:06:05,42.0304,-8.1588,62.33,56,4,7.58
164,Anadyr,RU,2021-09-18 16:06:05,64.75,177.4833,43.59,85,3,8.95
165,Kysyl-Syr,RU,2021-09-18 16:06:05,63.8986,122.7617,37.87,68,100,9.48
166,Mahibadhoo,MV,2021-09-18 16:06:06,3.7833,72.9667,83.16,76,81,10.47
167,Saint George,US,2021-09-18 16:05:56,37.1041,-113.5841,80.55,38,40,8.01
168,Pershotravneve,UA,2021-09-18 16:06:06,51.3929,28.8684,53.31,80,96,11.07
169,Tabou,CI,2021-09-18 16:06:07,4.423,-7.3528,79.86,80,68,9.98
170,Tuktoyaktuk,CA,2021-09-18 16:06:07,69.4541,-133.0374,39.94,86,100,2.77
171,Kirovskiy,RU,2021-09-18 16:06:07,45.0917,133.5136,46.0,70,2,2.24
172,Touros,BR,2021-09-18 16:06:08,-5.1989,-35.4608,86.9,50,36,19.75
173,Evensk,RU,2021-09-18 16:06:08,61.95,159.2333,45.95,98,100,4.9
174,Charters Towers,AU,2021-09-18 16:06:09,-20.1,146.2667,59.83,79,0,7.96
175,Kaduqli,SD,2021-09-18 16:06:09,11.0167,29.7167,71.74,89,100,2.42
176,Taoudenni,ML,2021-09-18 16:06:10,22.6783,-3.9836,111.06,8,36,5.37
177,Salina,US,2021-09-18 16:01:48,38.8403,-97.6114,82.02,67,1,3.0
178,Chon Daen,TH,2021-09-18 16:05:15,16.1895,100.8596,78.69,86,94,1.86
179,Constitucion,CL,2021-09-18 16:01:56,-35.3333,-72.4167,57.78,64,1,13.94
180,Provost,CA,2021-09-18 16:05:54,52.3501,-110.2683,71.51,25,100,25.05
181,Bukachacha,RU,2021-09-18 16:06:10,52.9833,116.9167,34.93,85,0,0.51
182,La Ronge,CA,2021-09-18 16:03:09,55.1001,-105.2842,49.57,57,100,11.48
183,Amahai,ID,2021-09-18 16:06:11,-3.3333,128.9167,74.44,89,100,1.16
184,Bone,DE,2021-09-18 16:06:11,51.9669,12.1396,62.38,70,88,8.23
185,Mao,ES,2021-09-18 16:06:12,39.8885,4.2658,79.36,69,20,10.36
186,Kristiinankaupunki,FI,2021-09-18 16:06:12,62.2743,21.376,48.58,57,100,3.22
187,Mayor Pablo Lagerenza,PY,2021-09-18 16:06:12,-19.9309,-60.7718,105.73,16,41,14.88
188,Yaan,NG,2021-09-18 16:06:12,7.3833,8.5667,83.35,75,83,4.16
189,Chumikan,RU,2021-09-18 16:06:13,54.7183,135.315,44.04,63,81,14.41
190,Dunedin,NZ,2021-09-18 16:06:13,-45.8742,170.5036,44.8,82,50,1.99
191,Veinticinco De Mayo,AR,2021-09-18 16:06:13,-35.4323,-60.1727,71.73,52,1,7.11
192,Carballo,ES,2021-09-18 16:06:14,43.213,-8.691,69.55,59,52,5.95
193,Codrington,AU,2021-09-18 16:06:14,-38.2667,141.9667,46.62,82,94,15.68
194,Padang,ID,2021-09-18 16:06:14,-0.9492,100.3543,73.45,93,100,4.43
195,Iqaluit,CA,2021-09-18 16:06:14,63.7506,-68.5145,37.13,87,90,5.75
196,Katsuura,JP,2021-09-18 16:06:15,35.1333,140.3,75.31,93,53,7.18
197,Rio Gallegos,AR,2021-09-18 16:01:50,-51.6226,-69.2181,43.68,66,81,7.81
198,Krasnoborsk,RU,2021-09-18 16:06:15,61.5598,45.934,38.66,77,100,7.31
199,Norman Wells,CA,2021-09-18 16:05:32,65.282,-126.8329,41.95,79,85,4.65
200,Boshnyakovo,RU,2021-09-18 16:06:16,49.6333,142.1667,47.46,74,0,8.7
201,Canchungo,GW,2021-09-18 16:06:16,12.0672,-16.0333,85.82,65,89,8.66
202,Erzin,TR,2021-09-18 16:06:16,36.9559,36.2,81.12,52,0,5.95
203,Hualmay,PE,2021-09-18 16:06:17,-11.0964,-77.6139,65.26,70,59,8.16
204,Provideniya,RU,2021-09-18 16:06:17,64.3833,-173.3,40.48,84,28,7.99
205,Clyde River,CA,2021-09-18 16:06:17,70.4692,-68.5914,30.87,69,97,6.69
206,Mangai,CD,2021-09-18 16:06:17,-4.05,19.5333,83.8,54,79,3.67
207,Meulaboh,ID,2021-09-18 16:06:18,4.1363,96.1285,75.31,92,99,3.49
208,Platteville,US,2021-09-18 16:06:18,42.7342,-90.4785,72.9,60,1,9.22
209,Braganca,BR,2021-09-18 16:01:32,-1.0536,-46.7656,88.93,52,69,7.23
210,Haines Junction,CA,2021-09-18 16:06:18,60.7522,-137.5108,39.74,96,100,2.51
211,Walvis Bay,NA,2021-09-18 16:06:19,-22.9575,14.5053,60.1,76,33,12.37
212,Sioux Lookout,CA,2021-09-18 16:06:19,50.1001,-91.917,58.51,49,99,10.89
213,Gerash,IR,2021-09-18 16:06:19,27.6652,54.1371,87.73,16,0,5.01
214,Bocas Del Toro,PA,2021-09-18 16:06:20,9.3333,-82.25,93.07,74,99,6.46
215,Verkhnevilyuysk,RU,2021-09-18 16:06:20,63.4453,120.3167,31.3,80,67,5.41
216,Ust-Kut,RU,2021-09-18 16:06:20,56.7938,105.7672,47.12,77,100,3.67
217,Upernavik,GL,2021-09-18 16:06:21,72.7868,-56.1549,24.64,51,18,5.37
218,Komsomolskiy,UZ,2021-09-18 16:06:21,40.4272,71.7189,75.92,27,0,4.61
219,Santa Flavia,IT,2021-09-18 16:06:22,38.085,13.5351,84.63,43,92,1.79
220,Benguela,AO,2021-09-18 16:06:22,-12.5763,13.4055,72.75,75,16,8.43
221,Ha Giang,VN,2021-09-18 16:06:22,22.8333,104.9833,77.83,97,88,0.74
222,Egvekinot,RU,2021-09-18 16:06:22,66.3167,-179.1667,32.07,75,9,3.22
223,Vila Franca Do Campo,PT,2021-09-18 16:06:23,37.7167,-25.4333,72.01,60,93,7.11
224,Imeni Poliny Osipenko,RU,2021-09-18 16:06:23,52.4201,136.4853,42.98,59,29,8.86
225,Karratha,AU,2021-09-18 16:05:44,-20.7377,116.8463,73.92,54,0,5.73
226,Mantua,IT,2021-09-18 16:06:24,45.1667,10.7833,80.1,65,94,8.88
227,Adra,ES,2021-09-18 16:06:24,36.7496,-3.0206,89.83,67,1,10.8
228,Shingu,JP,2021-09-18 16:06:24,33.7333,135.9833,76.91,86,4,6.69
229,Ostrovnoy,RU,2021-09-18 16:06:24,68.0531,39.5131,39.51,85,62,2.93
230,Alta Floresta,BR,2021-09-18 16:06:25,-9.8756,-56.0861,102.42,23,11,2.91
231,Sao Luis De Montes Belos,BR,2021-09-18 16:06:25,-16.525,-50.3722,97.97,12,3,7.18
232,Konya,TR,2021-09-18 16:06:25,38.1667,32.5,71.08,36,31,3.02
233,Belaya Gora,RU,2021-09-18 16:06:26,68.5333,146.4167,30.58,89,100,14.58
234,Sakakah,SA,2021-09-18 16:02:41,29.9697,40.2064,91.83,17,0,4.94
235,Turukhansk,RU,2021-09-18 16:06:26,65.8167,87.9833,43.81,93,100,9.75
236,Kruisfontein,ZA,2021-09-18 16:06:27,-34.0033,24.7314,59.88,67,77,18.97
237,Wanning,CN,2021-09-18 16:06:27,18.8003,110.3967,80.17,80,0,0.56
238,Buala,SB,2021-09-18 16:06:27,-8.145,159.5921,80.1,85,82,10.25
239,Virginia Beach,US,2021-09-18 16:06:28,36.8529,-75.978,83.05,69,44,5.01
240,Warri,NG,2021-09-18 16:06:28,5.5167,5.75,82.71,73,92,7.81
241,Yarmouth,US,2021-09-18 16:06:28,41.7057,-70.2286,73.54,92,90,10.0
242,Saint-Joseph,RE,2021-09-18 16:06:29,-21.3667,55.6167,72.21,75,38,10.38
243,Malanje,AO,2021-09-18 16:06:29,-9.5402,16.341,85.33,30,96,3.22
244,Vung Tau,VN,2021-09-18 16:06:29,10.346,107.0843,80.67,83,100,7.43
245,West Wendover,US,2021-09-18 16:06:30,40.7391,-114.0733,72.61,33,1,8.05
246,Henties Bay,NA,2021-09-18 16:06:30,-22.116,14.2845,59.86,83,7,9.19
247,Severnyy,RU,2021-09-18 16:06:30,50.677,36.5532,55.44,67,40,17.9
248,Burdur,TR,2021-09-18 16:06:31,37.7203,30.2908,79.5,32,20,8.05
249,Saint-Paul,RE,2021-09-18 16:06:31,-21.0096,55.2707,73.74,78,29,9.93
250,Ilulissat,GL,2021-09-18 16:06:32,69.2167,-51.1,24.48,47,0,2.1
251,Vrangel,RU,2021-09-18 16:06:32,42.7297,133.0839,64.02,68,91,7.56
252,Bairiki,KI,2021-09-18 16:06:32,1.3292,172.9752,80.6,83,20,8.05
253,Paciran,ID,2021-09-18 16:06:33,-6.8767,112.3761,80.51,75,40,5.03
254,Bosaso,SO,2021-09-18 16:06:34,11.2842,49.1816,89.92,58,6,1.39
255,Muyezerskiy,RU,2021-09-18 16:06:34,63.9333,31.65,40.62,80,100,3.53
256,Vila Velha,BR,2021-09-18 16:03:25,-20.3297,-40.2925,82.35,57,0,17.27
257,Baghdad,IQ,2021-09-18 16:06:15,33.3406,44.4009,94.91,24,0,9.22
258,Xining,CN,2021-09-18 16:06:34,36.6167,101.7667,49.01,82,93,1.23
259,Kununurra,AU,2021-09-18 16:03:29,-15.7667,128.7333,76.98,69,6,8.05
260,Port Arthur,CN,2021-09-18 16:06:35,38.8,121.2667,70.02,78,100,1.45
261,Kupino,RU,2021-09-18 16:06:35,54.3663,77.2981,44.74,66,89,9.01
262,Comodoro Rivadavia,AR,2021-09-18 16:02:29,-45.8667,-67.5,53.58,48,1,8.7
263,Casa Grande,US,2021-09-18 16:04:09,32.8795,-111.7573,90.52,41,1,4.0
264,Nuuk,GL,2021-09-18 16:06:36,64.1835,-51.7216,41.61,60,1,8.05
265,Tautira,PF,2021-09-18 16:06:36,-17.7333,-149.15,73.42,76,66,19.91
266,Nobeoka,JP,2021-09-18 16:06:37,32.5833,131.6667,70.43,83,20,8.19
267,Mana,GF,2021-09-18 16:06:37,5.6592,-53.7767,84.49,71,26,6.76
268,Mpika,ZM,2021-09-18 16:06:37,-11.8343,31.4529,78.42,25,4,9.24
269,Lichuan,CN,2021-09-18 16:06:38,30.3,108.85,65.08,99,100,3.51
270,Vila Do Maio,CV,2021-09-18 16:06:38,15.1333,-23.2167,84.99,85,99,12.88
271,Rabo De Peixe,PT,2021-09-18 16:06:38,37.8,-25.5833,71.11,56,75,9.22
272,San Quintin,MX,2021-09-18 16:06:39,30.4833,-115.95,70.29,74,1,13.22
273,Peniche,PT,2021-09-18 16:06:39,39.3558,-9.3811,74.68,66,11,21.14
274,Atar,MR,2021-09-18 16:06:40,20.5169,-13.0499,89.08,44,100,12.95
275,Gambela,ET,2021-09-18 16:06:40,8.25,34.5833,71.11,92,100,0.74
276,Naze,JP,2021-09-18 16:02:09,28.3667,129.4833,73.62,74,17,5.53
277,Noumea,NC,2021-09-18 16:06:40,-22.2763,166.4572,57.18,72,0,8.99
278,Dharmadam,IN,2021-09-18 16:06:41,11.7833,75.4333,79.12,87,98,7.54
279,College,US,2021-09-18 16:05:20,64.8569,-147.8028,38.28,89,75,0.0
280,Grand Gaube,MU,2021-09-18 16:06:42,-20.0064,57.6608,72.0,83,16,12.68
281,Seydisehir,TR,2021-09-18 16:06:42,37.4193,31.8453,69.4,41,2,3.44
282,Jaque,PA,2021-09-18 16:06:42,7.5175,-78.1703,82.6,79,74,5.82
283,Vostok,RU,2021-09-18 16:06:43,46.4856,135.8833,36.9,84,0,2.57
284,Petropavlovsk-Kamchatskiy,RU,2021-09-18 16:06:43,53.0452,158.6483,45.21,66,54,10.33
285,Qarchi Gak,AF,2021-09-18 16:06:44,37.04,66.7889,78.89,9,0,10.29
286,Hokitika,NZ,2021-09-18 16:06:44,-42.7167,170.9667,47.64,86,97,4.34
287,Hami,CN,2021-09-18 16:06:44,42.8,93.45,74.59,20,37,6.42
288,Geraldton,AU,2021-09-18 16:06:45,-28.7667,114.6,48.61,93,0,4.61
289,Fort Nelson,CA,2021-09-18 16:03:27,58.8053,-122.7002,43.54,83,98,4.54
290,Goderich,CA,2021-09-18 16:06:45,43.7501,-81.7165,71.04,50,31,11.12
291,Aykhal,RU,2021-09-18 16:06:45,66.0,111.5,27.63,80,9,2.84
292,Samana,DO,2021-09-18 16:06:46,19.2056,-69.3369,85.96,79,75,4.61
293,Victoria,HK,2021-09-18 16:04:42,22.2855,114.1577,87.33,79,95,12.97
294,Humboldt,US,2021-09-18 16:06:46,40.6665,-123.9178,54.72,97,100,6.35
295,Marabba,SD,2021-09-18 16:06:47,12.35,32.1833,80.47,66,67,11.18
296,Pervomayskiy,RU,2021-09-18 16:06:47,53.2485,40.2871,50.09,42,100,9.75
297,Dar Es Salaam,TZ,2021-09-18 16:02:05,-6.8235,39.2695,77.68,69,62,10.25
298,Kemijarvi,FI,2021-09-18 16:06:48,66.7131,27.4306,42.35,82,100,4.0
299,Nosivka,UA,2021-09-18 16:06:48,50.9315,31.5828,57.49,87,93,5.41
300,Durban,ZA,2021-09-18 16:06:48,-29.8579,31.0292,64.02,72,55,3.0
301,Hirara,JP,2021-09-18 16:06:48,24.8,125.2833,82.63,80,8,9.42
302,Tuatapere,NZ,2021-09-18 16:06:49,-46.1333,167.6833,38.82,94,98,7.23
303,Mossendjo,CG,2021-09-18 16:06:50,-2.9506,12.7261,80.91,60,100,4.61
304,Semporna,MY,2021-09-18 16:06:50,4.4818,118.6112,79.93,83,26,3.51
305,Marawi,PH,2021-09-18 16:06:50,7.9986,124.2928,65.64,91,100,3.4
306,Guerrero Negro,MX,2021-09-18 16:04:16,27.9769,-114.0611,72.59,71,1,16.08
307,Puerto Maldonado,PE,2021-09-18 16:06:51,-12.6,-69.1833,99.34,29,7,3.87
308,San Cristobal,VE,2021-09-18 16:06:51,7.7669,-72.225,84.38,42,18,7.31
309,Kyra,RU,2021-09-18 16:06:51,49.5776,111.9753,44.2,93,27,1.57
310,Eureka,US,2021-09-18 16:06:52,40.8021,-124.1637,63.79,90,100,1.01
311,Vaitape,PF,2021-09-18 16:06:52,-16.5167,-151.75,77.61,76,14,21.79
312,Limbang,MY,2021-09-18 16:06:52,4.75,115.0,80.71,92,54,1.41
313,Goundi,TD,2021-09-18 16:06:53,9.3627,17.366,74.01,83,100,2.39
314,Hobyo,SO,2021-09-18 16:06:53,5.3505,48.5268,78.89,84,71,25.32
315,Krasnoyarsk,RU,2021-09-18 16:06:53,56.0097,92.7917,46.8,78,95,3.44
316,Gashua,NG,2021-09-18 16:06:54,12.871,11.0482,97.92,25,76,3.78
317,Cochrane,CA,2021-09-18 16:05:44,51.1834,-114.4687,66.42,50,100,7.56
318,Tromso,NO,2021-09-18 16:06:54,69.6496,18.957,51.82,58,0,12.66
319,Skjervoy,NO,2021-09-18 16:06:54,70.0311,20.9714,50.25,67,99,10.49
320,Koumac,NC,2021-09-18 16:06:55,-20.5667,164.2833,65.03,74,0,6.13
321,Lishu,CN,2021-09-18 16:06:55,43.3047,124.3278,61.86,76,100,5.5
322,Lunenburg,CA,2021-09-18 16:06:56,44.3835,-64.3155,72.52,97,98,6.46
323,Vanimo,PG,2021-09-18 16:06:56,-2.6741,141.3028,77.63,89,73,6.11
324,Penzance,GB,2021-09-18 16:06:56,50.1186,-5.5371,64.47,82,20,13.8
325,Sterling,US,2021-09-18 16:06:52,39.0062,-77.4286,83.25,80,75,5.75
326,Marathon,US,2021-09-18 16:06:57,44.9,-89.7668,66.88,58,1,1.01
327,La Asuncion,VE,2021-09-18 16:05:29,11.0333,-63.8628,84.15,64,99,12.57
328,Cintalapa,MX,2021-09-18 16:06:57,16.6951,-93.7272,79.32,75,100,2.82
329,Portoferraio,IT,2021-09-18 16:06:57,42.8115,10.3146,78.53,68,29,6.02
330,Ust-Kuyga,RU,2021-09-18 16:06:58,70.0167,135.6,30.07,87,100,18.54
331,Port Hedland,AU,2021-09-18 16:06:58,-20.3167,118.5667,66.25,77,0,5.75
332,Marsa Matruh,EG,2021-09-18 16:06:59,31.3525,27.2453,79.9,66,0,10.71
333,Tierranueva,MX,2021-09-18 16:06:59,21.6833,-100.5667,68.45,66,59,8.99
334,Gazanjyk,TM,2021-09-18 16:06:59,39.2446,55.5154,81.55,54,80,8.37
335,Leh,IN,2021-09-18 16:07:00,34.1667,77.5833,64.51,22,0,4.99
336,Antofagasta,CL,2021-09-18 16:07:00,-23.65,-70.4,67.21,57,76,8.46
337,New Norfolk,AU,2021-09-18 16:07:00,-42.7826,147.0587,47.7,73,100,8.05
338,Kamenka,RU,2021-09-18 16:07:01,51.3223,42.7678,50.85,44,100,2.98
339,Bara,NG,2021-09-18 16:07:01,10.3744,10.7288,88.7,59,3,4.27
340,Porosozero,RU,2021-09-18 16:07:03,62.7191,32.727,41.79,64,100,4.21
341,Chermoz,RU,2021-09-18 16:07:04,58.787,56.1489,38.35,96,100,20.15
342,Asyut,EG,2021-09-18 16:05:14,27.181,31.1837,89.67,19,0,9.44
343,Grand-Santi,GF,2021-09-18 16:07:04,4.25,-54.3833,88.14,61,34,1.83
344,Vao,NC,2021-09-18 16:07:05,-22.6667,167.4833,68.38,60,35,15.14
345,Puerto Del Rosario,ES,2021-09-18 16:07:05,28.5004,-13.8627,78.55,65,20,11.5
346,Port Hawkesbury,CA,2021-09-18 16:06:59,45.6169,-61.3485,76.59,88,90,5.01
347,Buchanan,LR,2021-09-18 16:07:06,5.8808,-10.0467,81.7,73,71,10.36
348,Ken Caryl,US,2021-09-18 16:07:06,39.5773,-105.1169,82.78,25,0,1.01
349,Guiratinga,BR,2021-09-18 16:07:07,-16.3494,-53.7583,101.3,11,2,7.27
350,Richards Bay,ZA,2021-09-18 16:07:07,-28.783,32.0377,60.48,67,37,4.7
351,Nanortalik,GL,2021-09-18 16:07:07,60.1432,-45.2371,40.91,93,100,12.8
352,Atarra,IN,2021-09-18 16:07:08,25.2833,80.5667,80.74,81,13,6.42
353,Havre-Saint-Pierre,CA,2021-09-18 16:07:08,50.2334,-63.5986,59.36,88,90,11.5
354,Invermere,CA,2021-09-18 16:07:08,50.5167,-116.0354,49.98,93,100,3.49
355,Bharatpur,IN,2021-09-18 16:07:09,27.2167,77.4833,80.74,82,12,6.76
356,Sibolga,ID,2021-09-18 16:07:09,1.7427,98.7792,76.39,87,88,3.31
357,Isla Mujeres,MX,2021-09-18 16:07:09,21.2311,-86.731,87.85,74,78,11.18
358,Panama City,PA,2021-09-18 16:07:09,8.9936,-79.5197,89.55,71,20,5.75
359,Palmer,US,2021-09-18 16:07:10,42.1584,-72.3287,78.46,77,5,4.88
360,Aklavik,CA,2021-09-18 16:07:10,68.2191,-135.0107,41.72,100,90,3.44
361,Rota,ES,2021-09-18 16:07:11,36.6224,-6.3586,83.57,53,0,13.8
362,Esso,RU,2021-09-18 16:07:11,55.9333,158.7,43.36,73,99,3.49
363,Nishihara,JP,2021-09-18 16:07:11,26.1842,127.7558,79.88,78,20,6.91
364,Shenjiamen,CN,2021-09-18 16:07:11,29.9576,122.298,73.36,76,0,6.6
365,Chimoio,MZ,2021-09-18 16:07:12,-19.1164,33.4833,64.26,77,75,6.91
366,Sladkovo,RU,2021-09-18 16:07:12,55.5284,70.3385,43.09,90,100,7.58
367,Turayf,SA,2021-09-18 16:07:13,31.6725,38.6637,85.55,19,0,4.61
368,Storm Lake,US,2021-09-18 16:07:13,42.6411,-95.2097,69.49,59,1,9.22
369,Nshamba,TZ,2021-09-18 16:07:13,-1.7983,31.5511,68.34,71,49,3.49
370,Udala,ES,2021-09-18 16:07:14,43.0778,-2.5125,64.09,73,76,5.95
371,San Andres,CO,2021-09-18 16:07:14,12.5847,-81.7006,87.82,74,40,13.8
372,Tara,RU,2021-09-18 16:07:14,56.8944,74.371,40.75,72,100,6.67
373,Phulabani,IN,2021-09-18 16:07:15,20.4667,84.2333,74.17,93,100,2.53
374,Cartagena,CO,2021-09-18 16:07:15,10.3997,-75.5144,89.22,79,40,6.91
375,Tsuruga,JP,2021-09-18 16:07:15,35.6455,136.0558,71.64,92,93,8.72
376,Firminopolis,BR,2021-09-18 16:07:16,-16.5819,-50.305,96.44,12,3,7.49
377,Alihe,CN,2021-09-18 16:07:16,50.5667,123.7167,39.24,70,64,1.9
378,Bestobe,KZ,2021-09-18 16:07:16,52.4994,73.0975,49.17,58,100,9.82
379,Vezirkopru,TR,2021-09-18 16:07:17,41.1436,35.4547,75.69,34,6,1.45
380,Praia Da Vitoria,PT,2021-09-18 16:07:17,38.7333,-27.0667,71.76,69,98,8.14
381,Zhezkazgan,KZ,2021-09-18 16:07:18,47.8043,67.7144,60.69,28,56,8.21
382,Kiama,AU,2021-09-18 16:07:18,-34.6833,150.8667,52.38,63,0,6.06
383,Ilebo,CD,2021-09-18 16:07:18,-4.3167,20.5833,86.14,48,94,3.24
384,Eyl,SO,2021-09-18 16:07:19,7.9803,49.8164,78.62,80,2,28.52
385,Avera,US,2021-09-18 16:07:19,33.194,-82.5271,84.94,58,99,5.93
386,Askarovo,RU,2021-09-18 16:07:19,53.3372,58.5089,36.55,75,75,11.18
387,Sobolevo,RU,2021-09-18 16:07:19,54.4299,31.8996,42.37,88,100,23.31
388,Shirokiy,RU,2021-09-18 16:07:20,49.758,129.523,43.54,64,81,5.7
389,Aripuana,BR,2021-09-18 16:07:20,-9.1667,-60.6333,103.14,26,6,1.59
390,Yar-Sale,RU,2021-09-18 16:07:20,66.8333,70.8333,33.53,98,100,27.96
391,Lasa,IT,2021-09-18 16:07:21,46.6166,10.7002,71.51,54,62,2.28
392,Hit,IQ,2021-09-18 16:07:21,33.6416,42.8251,90.88,20,0,11.95
393,Artsyz,UA,2021-09-18 16:07:21,45.9919,29.4182,67.98,61,35,9.28
394,Aljezur,PT,2021-09-18 16:07:22,37.3191,-8.8033,72.34,58,1,18.63
395,Jhargram,IN,2021-09-18 16:07:22,22.45,86.9833,78.53,90,100,6.04
396,Verkhoyansk,RU,2021-09-18 16:07:22,67.5447,133.385,31.89,97,100,4.83
397,Salta,AR,2021-09-18 16:07:23,-24.7859,-65.4117,77.29,31,96,1.99
398,Vary,UA,2021-09-18 16:07:23,48.1221,22.7128,60.87,63,70,4.63
399,Cayenne,GF,2021-09-18 16:07:23,4.9333,-52.3333,87.84,76,75,3.0
400,Berkovica,BA,2021-09-18 16:07:24,44.6156,18.4294,68.31,52,17,2.37
401,San Ignacio,BZ,2021-09-18 16:07:24,17.1561,-89.0714,87.94,74,75,4.61
402,Whitehorse,CA,2021-09-18 16:04:18,60.7161,-135.0538,39.09,92,98,4.14
403,Olafsvik,IS,2021-09-18 16:07:24,64.8945,-23.7142,48.33,65,100,12.57
404,Celestun,MX,2021-09-18 16:07:25,20.8667,-90.4,86.77,63,63,7.74
405,Imbituba,BR,2021-09-18 16:07:25,-28.24,-48.6703,76.89,77,37,9.06
406,Havelock,US,2021-09-18 16:07:25,34.8791,-76.9013,82.98,79,9,1.99
407,Vuktyl,RU,2021-09-18 16:07:25,63.8567,57.3094,36.48,67,99,18.19
408,Tumalaytay,PH,2021-09-18 16:07:26,12.2758,123.232,77.56,89,77,3.74
409,Chuy,UY,2021-09-18 16:07:26,-33.6971,-53.4616,68.85,65,20,6.93
410,Shemordan,RU,2021-09-18 16:07:26,56.1856,50.3972,35.62,79,64,7.4
411,Pirovskoye,RU,2021-09-18 16:07:27,57.6267,92.2658,48.2,78,80,5.21
412,Meadow Lake,US,2021-09-18 16:02:27,34.8014,-106.5436,76.32,46,0,1.23
413,Havre,FR,2021-09-18 16:07:27,49.5833,0.3333,72.03,60,90,8.05
414,Bacia,RO,2021-09-18 16:07:27,45.8,23.0167,63.57,56,61,4.12
415,Nome,US,2021-09-18 16:05:19,64.5011,-165.4064,44.67,71,90,16.11
416,Olbia,IT,2021-09-18 16:07:28,40.9214,9.4856,82.45,47,20,5.75
417,San Carlos,VE,2021-09-18 16:07:28,9.6612,-68.5827,86.95,60,38,4.47
418,Augusta,DE,2021-09-18 16:07:29,48.3667,10.8833,68.52,52,0,3.44
419,Tamworth,GB,2021-09-18 16:07:29,52.634,-1.6959,72.61,59,96,1.88
420,Guaruja,BR,2021-09-18 16:07:29,-23.9931,-46.2564,96.4,80,16,5.3
421,Aswan,EG,2021-09-18 16:07:29,24.0934,32.907,92.23,16,13,8.19
422,Port Blair,IN,2021-09-18 16:07:30,11.6667,92.75,81.01,83,57,5.82
423,Aitape,PG,2021-09-18 16:07:30,-3.1374,142.3475,77.27,92,83,9.28
424,Gondar,ET,2021-09-18 16:07:31,12.6,37.4667,57.33,94,80,5.55
425,Gizo,SB,2021-09-18 16:07:31,-8.103,156.8419,81.21,78,82,5.73
426,Tucumcari,US,2021-09-18 16:07:31,35.1717,-103.725,72.95,60,1,0.0
427,Lindi,TZ,2021-09-18 16:07:31,-10.0,39.7167,75.58,80,0,8.25
428,Velingara,SN,2021-09-18 16:07:32,13.15,-14.1167,87.96,64,89,2.75
429,Talnakh,RU,2021-09-18 16:07:32,69.4865,88.3972,41.81,86,100,4.52
430,Hanna,CA,2021-09-18 16:07:32,51.6334,-111.9018,67.86,37,100,20.0
431,Yoichi,JP,2021-09-18 16:07:33,43.2039,140.7703,64.62,85,6,7.9
432,Oksfjord,NO,2021-09-18 16:07:33,70.2396,22.3479,47.32,74,86,4.34
433,Iralaya,HN,2021-09-18 16:07:33,15.0,-83.2333,89.69,68,89,12.82
434,Tongren,CN,2021-09-18 16:07:34,27.7172,109.1853,75.2,92,80,1.81
435,Mariinsk,RU,2021-09-18 16:07:34,56.2139,87.7472,43.9,76,77,5.86
436,Tshikapa,CD,2021-09-18 16:07:34,-6.4167,20.8,85.93,48,70,7.05
437,Manokwari,ID,2021-09-18 16:07:35,-0.8667,134.0833,78.73,77,100,5.73
438,Oga,IT,2021-09-18 16:07:35,46.4631,10.347,63.14,51,50,1.57
439,Honningsvag,NO,2021-09-18 16:07:35,70.9821,25.9704,47.88,70,0,21.3
440,Yankton,US,2021-09-18 16:07:36,42.8711,-97.3973,70.05,56,1,11.5
441,Kelvington,CA,2021-09-18 16:07:36,52.1667,-103.5343,67.32,28,41,14.9
442,Aguimes,ES,2021-09-18 16:07:36,27.9054,-15.4461,75.0,71,40,13.8
443,Arys,KZ,2021-09-18 16:07:37,42.4252,68.795,80.82,23,0,5.86
444,Mount Gambier,AU,2021-09-18 16:07:37,-37.8333,140.7667,50.54,76,90,12.75
445,Broome,US,2021-09-18 16:07:37,42.2506,-75.833,78.62,67,90,1.99
446,Laguna,US,2021-09-18 16:07:38,38.421,-121.4238,66.49,82,40,5.99
447,Srivardhan,IN,2021-09-18 16:07:38,18.0333,73.0167,78.3,87,51,5.08
448,Tahe,CN,2021-09-18 16:07:38,52.3333,124.7333,35.76,73,2,4.09
449,Ucluelet,CA,2021-09-18 16:03:27,48.9329,-125.5528,55.04,90,22,4.63
450,Illela,NG,2021-09-18 16:07:39,13.7292,5.2975,96.87,32,88,10.31
451,Kroya,ID,2021-09-18 16:07:39,-7.6331,109.2461,76.48,89,18,5.37
452,Ilhabela,BR,2021-09-18 16:05:49,-23.7781,-45.3581,74.84,81,10,5.21
453,Marzuq,YE,2021-09-18 16:07:40,14.4,46.4667,89.65,20,22,6.82
454,Killam,CA,2021-09-18 16:07:40,52.7834,-111.8518,60.93,55,100,9.93
455,Stodolishche,RU,2021-09-18 16:07:40,54.1859,32.6492,42.6,92,100,22.93
456,Arlit,NE,2021-09-18 16:07:40,18.7369,7.3853,103.86,10,24,6.17
457,Baker City,US,2021-09-18 16:07:41,44.7749,-117.8344,64.18,49,1,10.36
458,Borogontsy,RU,2021-09-18 16:07:41,62.6683,131.1683,39.16,93,100,11.68
459,Ciudad Guayana,VE,2021-09-18 16:07:41,8.3533,-62.6528,88.52,64,73,3.83
460,Sakaiminato,JP,2021-09-18 16:07:42,35.55,133.2333,72.57,83,71,15.97
461,Biak,ID,2021-09-18 16:07:42,-0.9131,122.8766,74.95,82,96,5.73
462,Sri Aman,MY,2021-09-18 16:07:42,1.2376,111.4621,74.8,98,100,1.45
463,Saint-Augustin,CA,2021-09-18 16:07:43,51.226,-58.6502,69.48,66,35,22.68
464,Fallon,US,2021-09-18 16:07:43,39.4735,-118.7774,73.92,18,1,8.05
465,Rindal,NO,2021-09-18 16:07:43,63.0565,9.2124,57.15,66,100,3.22
466,Orocue,CO,2021-09-18 16:07:44,4.7912,-71.3354,79.83,80,91,4.34
467,Beringovskiy,RU,2021-09-18 16:07:44,63.05,179.3167,43.32,71,12,6.24
468,Ellisras,ZA,2021-09-18 16:07:44,-23.6649,27.7443,71.69,35,0,13.02
469,Belaya Kholunitsa,RU,2021-09-18 16:07:45,58.84,50.8528,35.91,84,92,9.08
470,Karksi-Nuia,EE,2021-09-18 16:07:45,58.1033,25.5628,48.78,57,24,10.18
471,Rawson,AR,2021-09-18 16:07:45,-43.3002,-65.1023,58.8,35,8,5.55
472,Airai,TL,2021-09-18 16:07:46,-8.9266,125.4092,58.33,65,97,2.89
473,Ishinomaki,JP,2021-09-18 16:07:46,38.4167,141.3,66.99,91,14,7.99
474,Ostersund,SE,2021-09-18 16:06:03,63.1792,14.6357,46.85,71,90,10.36
475,Ferme-Neuve,CA,2021-09-18 16:07:46,46.7001,-75.4493,64.18,41,7,8.41
476,Lata,PT,2021-09-18 16:07:47,40.1629,-8.3327,76.05,45,0,12.48
477,Port Macquarie,AU,2021-09-18 16:03:32,-31.4333,152.9167,58.96,74,96,8.66
478,Nantucket,US,2021-09-18 16:07:47,41.2835,-70.0995,75.31,82,75,16.11
479,Thunder Bay,CA,2021-09-18 16:03:51,48.4001,-89.3168,62.56,74,100,3.0
480,Leeton,AU,2021-09-18 16:07:47,-34.5667,146.4,42.53,71,0,0.78
481,Yerbogachen,RU,2021-09-18 16:07:48,61.2767,108.0108,37.76,73,73,5.12
482,Vallenar,CL,2021-09-18 16:07:48,-28.5708,-70.7581,77.14,23,4,6.51
483,Ulaangom,MN,2021-09-18 16:07:48,49.9811,92.0667,56.34,37,36,4.0
484,Ekibastuz,KZ,2021-09-18 16:07:49,51.6667,75.3667,51.33,48,46,10.76
485,Berlevag,NO,2021-09-18 16:07:49,70.8578,29.0864,46.22,67,0,17.25
486,Okhotsk,RU,2021-09-18 16:07:49,59.3833,143.3,43.11,83,35,1.86
487,Oktyabrskoye,RU,2021-09-18 16:07:50,43.0645,44.7417,59.14,82,20,11.18
488,Cairns,AU,2021-09-18 16:07:50,-16.9167,145.7667,71.55,68,90,9.22
489,Poum,NC,2021-09-18 16:07:50,-20.2333,164.0167,69.85,66,1,11.65
490,Aksu,CN,2021-09-18 16:07:51,41.1231,80.2644,75.63,27,0,2.17
491,Yeppoon,AU,2021-09-18 16:07:51,-23.1333,150.7333,55.18,73,0,8.01
492,Coquimbo,CL,2021-09-18 16:07:51,-29.9533,-71.3436,56.93,76,40,11.5
493,Mukhen,RU,2021-09-18 16:07:52,48.1,136.1,42.04,74,1,5.19
494,Stromness,GB,2021-09-18 16:07:52,58.965,-3.296,57.45,89,34,17.0
495,Totolapan,MX,2021-09-18 16:07:52,18.5167,-96.1833,84.13,82,100,4.14
496,Champerico,GT,2021-09-18 16:07:52,14.3,-91.9167,92.77,71,40,4.5
497,Merauke,ID,2021-09-18 16:07:53,-8.4667,140.3333,76.57,79,95,19.28
498,Labuhan,ID,2021-09-18 16:07:53,-6.8844,112.2051,79.86,77,29,8.5
499,Prince George,CA,2021-09-18 16:07:54,53.9166,-122.753,47.64,97,75,16.11
500,Poso,ID,2021-09-18 16:07:54,-1.3959,120.7524,76.89,72,97,6.62
501,Bongaree,AU,2021-09-18 16:07:54,-27.0797,153.1586,67.95,77,77,8.84
502,Buraydah,SA,2021-09-18 16:07:55,26.326,43.975,94.23,12,11,9.42
503,Los Llanos De Aridane,ES,2021-09-18 16:07:55,28.6585,-17.9182,74.95,76,20,8.05
504,Kushima,JP,2021-09-18 16:07:56,31.4583,131.2333,74.57,89,82,2.93
505,Aasiaat,GL,2021-09-18 16:07:56,68.7098,-52.8699,26.71,60,2,6.78
506,Williamsburg,US,2021-09-18 16:07:56,37.2707,-76.7075,82.76,76,40,0.0
507,Kaeo,NZ,2021-09-18 16:07:56,-35.1,173.7833,43.32,94,7,3.67
508,Do Gonbadan,IR,2021-09-18 16:07:57,30.3586,50.7981,87.08,16,0,3.09
509,Coahuayana,MX,2021-09-18 16:07:58,18.7333,-103.6833,85.48,74,96,2.82
510,Ust-Nera,RU,2021-09-18 16:07:58,64.5667,143.2,42.8,82,100,7.72
511,Solnechnyy,RU,2021-09-18 16:07:58,50.7214,136.6319,45.84,56,74,13.76
512,Viedma,AR,2021-09-18 16:07:58,-40.8135,-62.9967,68.83,26,100,6.78
513,Guane,CU,2021-09-18 16:07:59,22.2025,-84.0875,88.83,59,78,8.99
514,Canutama,BR,2021-09-18 16:07:59,-6.5339,-64.3831,97.45,37,72,3.67
515,Kawalu,ID,2021-09-18 16:08:00,-7.3817,108.2082,70.72,96,31,0.6
516,Inirida,CO,2021-09-18 16:08:00,3.8653,-67.9239,78.24,89,94,4.12
517,Souillac,MU,2021-09-18 16:08:01,-20.5167,57.5167,71.98,68,40,3.44
518,Chapais,CA,2021-09-18 16:08:02,49.7834,-74.8492,51.58,77,99,9.55
519,Mashhad,IR,2021-09-18 16:08:02,36.297,59.6062,78.94,47,0,9.22
520,Kasempa,ZM,2021-09-18 16:08:02,-13.4584,25.8338,87.57,15,12,8.81
521,Puerto Escondido,MX,2021-09-18 16:08:03,15.85,-97.0667,86.83,58,75,3.44
522,Zhaotong,CN,2021-09-18 16:08:04,27.3167,103.7167,58.82,98,99,6.89
523,Kalmunai,LK,2021-09-18 16:08:04,7.4167,81.8167,81.57,80,65,4.85
524,Aksarka,RU,2021-09-18 16:08:04,66.5606,67.7975,33.1,96,100,33.08
525,Wairoa,NZ,2021-09-18 16:08:05,-39.0333,177.3667,38.55,99,19,1.01
526,Kimbe,PG,2021-09-18 16:08:06,-5.5502,150.1429,74.75,91,61,4.09
527,Nauta,PE,2021-09-18 16:08:06,-4.5061,-73.5757,93.69,43,46,1.12
528,Sinnamary,GF,2021-09-18 16:08:07,5.3833,-52.95,83.55,75,16,7.36
529,Lebowakgomo,ZA,2021-09-18 16:08:07,-24.2,29.5,57.65,42,0,14.47
530,Kadaya,RU,2021-09-18 16:08:08,50.9327,119.2911,35.67,76,22,3.65
531,Tayirove,UA,2021-09-18 16:08:08,46.3631,30.6489,70.11,73,20,11.18
532,Krasnomayskiy,RU,2021-09-18 16:08:08,57.6194,34.4099,44.15,69,100,9.13
533,Pskov,RU,2021-09-18 16:08:09,57.8136,28.3496,46.31,66,20,13.42
534,Meridian,US,2021-09-18 16:03:27,43.6121,-116.3915,74.08,31,1,4.61
535,Krasnoselkup,RU,2021-09-18 16:08:10,65.7,82.4667,39.18,89,62,11.05
536,Mandalgovi,MN,2021-09-18 16:08:10,45.7625,106.2708,62.37,44,98,9.73
537,Sola,VU,2021-09-18 16:08:10,-13.8833,167.55,79.0,80,30,21.23
538,Prince Rupert,CA,2021-09-18 16:08:11,54.3161,-130.3201,50.09,93,90,2.3
539,Muisne,EC,2021-09-18 16:08:11,0.6,-80.0333,82.51,85,97,12.15
540,Leningradskiy,RU,2021-09-18 16:08:12,69.3833,178.4167,24.62,89,95,12.3
541,Biltine,TD,2021-09-18 16:08:12,14.5333,20.9167,89.62,40,54,4.81
542,Fortuna,US,2021-09-18 16:08:12,40.5982,-124.1573,63.52,68,90,1.01
543,Jatiroto,ID,2021-09-18 16:08:13,-7.8833,111.1167,74.52,86,79,4.05
544,Wabash,US,2021-09-18 16:08:13,40.7978,-85.8205,83.61,58,100,4.88
545,Bonthe,SL,2021-09-18 16:08:13,7.5264,-12.505,81.66,74,85,10.22
546,Abu Road,IN,2021-09-18 16:08:14,24.4833,72.7833,76.19,95,99,4.41
547,Urengoy,RU,2021-09-18 16:08:14,65.9667,78.3667,37.76,88,77,12.17
548,Podgorica,ME,2021-09-18 16:08:14,42.4411,19.2636,80.38,54,20,13.8
549,Luderitz,NA,2021-09-18 16:08:15,-26.6481,15.1594,58.78,77,31,11.92
550,Port-Gentil,GA,2021-09-18 16:08:15,-0.7193,8.7815,77.49,81,95,16.55
551,Tepetzintla,MX,2021-09-18 16:08:16,21.1667,-97.8333,78.73,83,95,4.9
552,Mahajanga,MG,2021-09-18 16:08:16,-15.7167,46.3167,78.82,83,0,11.5
553,Gobo,JP,2021-09-18 16:08:16,33.8833,135.15,76.95,81,17,17.74
554,Gimli,CA,2021-09-18 16:06:55,50.6336,-96.9907,64.44,36,75,23.96
555,Mastic Beach,US,2021-09-18 16:08:17,40.7668,-72.8521,82.08,74,1,3.0
556,Ziro,IN,2021-09-18 16:08:17,27.6333,93.8333,57.87,98,99,1.32
557,Victor Harbor,AU,2021-09-18 16:08:18,-35.5667,138.6167,55.49,78,11,1.99
558,Port Lincoln,AU,2021-09-18 16:08:18,-34.7333,135.8667,54.3,74,13,16.73
559,Creel,MX,2021-09-18 16:08:19,27.75,-107.6333,69.49,39,4,11.18
560,Ozernovskiy,RU,2021-09-18 16:08:19,51.5,156.5167,48.34,67,40,7.56
561,Zhangjiakou,CN,2021-09-18 16:08:19,40.81,114.8794,61.07,83,100,4.34
562,Ghatanji,IN,2021-09-18 16:08:20,20.1333,78.3167,79.03,77,99,3.6
563,Mandan,US,2021-09-18 16:04:32,46.8267,-100.8896,68.04,67,1,13.8
564,Baykit,RU,2021-09-18 16:08:20,61.67,96.37,50.83,99,100,2.59
565,Waterloo,CA,2021-09-18 16:05:10,43.4668,-80.5164,74.46,36,78,8.75
566,Pineville,US,2021-09-18 16:08:21,31.3224,-92.4343,82.38,77,75,0.0
567,Saurimo,AO,2021-09-18 16:08:21,-9.6608,20.3916,87.12,32,96,8.14
568,Sherman,US,2021-09-18 16:08:21,33.6357,-96.6089,89.67,61,1,0.0
569,Kilindoni,TZ,2021-09-18 16:08:22,-7.9139,39.6668,77.41,76,56,16.4
570,Deputatskiy,RU,2021-09-18 16:08:22,69.3,139.9,23.85,97,100,12.44
571,Asau,RO,2021-09-18 16:08:22,46.4333,26.4,64.76,67,12,5.86
572,Itoman,JP,2021-09-18 16:08:23,26.1247,127.6694,80.62,78,20,6.91
573,Belmonte,BR,2021-09-18 16:08:23,-15.8631,-38.8828,79.3,61,33,8.55
574,Pacifica,US,2021-09-18 16:08:23,37.6138,-122.4869,63.39,87,75,1.01
575,Lulea,SE,2021-09-18 16:08:23,65.5842,22.1547,44.67,93,75,2.3
